                  epoch,         train/box_loss,         train/cls_loss,         train/dfl_loss,   metrics/precision(B),      metrics/recall(B),       metrics/mAP50(B),    metrics/mAP50-95(B),           val/box_loss,           val/cls_loss,           val/dfl_loss,                 lr/pg0,                 lr/pg1,                 lr/pg2
                      1,                 2.0894,                 5.1436,                  4.045,                0.00157,                0.10181,                0.00163,                0.00043,                 1.5623,                 5.6584,                 3.9469,              0.0033267,              0.0033267,              0.0033267
                      2,                 1.9127,                 4.1617,                 3.5565,                0.16537,                0.21701,                0.10426,                0.05741,                 1.4477,                 4.4606,                 3.3971,              0.0066337,              0.0066337,              0.0066337
                      3,                 1.5253,                 3.5728,                 3.3379,                0.31552,                0.34456,                0.18335,                0.12874,                 1.0785,                 3.3082,                 3.2102,              0.0099142,              0.0099142,              0.0099142
                      4,                 1.3546,                 3.1099,                 3.1931,                0.38771,                0.47057,                0.38131,                0.28779,                0.96105,                 2.4561,                 2.9605,              0.0098812,              0.0098812,              0.0098812
                      5,                 1.2703,                 2.7527,                 3.1217,                0.27459,                0.68015,                0.43011,                0.33086,                 0.8986,                 2.0756,                 2.9594,              0.0098416,              0.0098416,              0.0098416
                      6,                  1.201,                 2.4998,                 3.0433,                0.44587,                0.67503,                0.58982,                0.47443,                0.78668,                 1.5586,                  2.798,               0.009802,               0.009802,               0.009802
                      7,                 1.1612,                 2.3423,                 3.0008,                0.61047,                 0.6033,                0.66945,                  0.542,                0.75051,                 1.3426,                 2.9315,              0.0097624,              0.0097624,              0.0097624
                      8,                 1.1306,                 2.2209,                 2.9551,                0.53544,                0.70012,                0.68075,                0.54399,                 0.8026,                 1.3713,                 2.9401,              0.0097228,              0.0097228,              0.0097228
                      9,                 1.0871,                  2.085,                 2.9195,                0.71032,                  0.729,                0.79625,                0.65291,                0.72261,                 1.1619,                 2.7313,              0.0096832,              0.0096832,              0.0096832
                     10,                  1.061,                 2.0015,                 2.8697,                0.71366,                0.79703,                0.83965,                0.69802,                 0.7042,                0.96459,                 2.6676,              0.0096436,              0.0096436,              0.0096436
                     11,                 1.0498,                 1.9279,                 2.8558,                 0.6969,                 0.7985,                0.84502,                0.69969,                0.71491,                 1.0342,                 2.6608,               0.009604,               0.009604,               0.009604
                     12,                 1.0368,                 1.8593,                 2.8069,                0.76106,                 0.8047,                0.88112,                0.72541,                0.71722,                0.90379,                 2.5418,              0.0095644,              0.0095644,              0.0095644
                     13,                 1.0149,                  1.798,                 2.7787,                0.79665,                0.82917,                0.89608,                0.75748,                0.64812,                0.85441,                  2.574,              0.0095248,              0.0095248,              0.0095248
                     14,                 1.0062,                 1.7399,                 2.7618,                0.82347,                0.85578,                0.92593,                0.77431,                0.68152,                0.82139,                 2.5196,              0.0094852,              0.0094852,              0.0094852
                     15,                 0.9948,                 1.7018,                 2.7384,                0.85169,                0.88042,                0.94015,                0.79363,                0.65691,                0.73129,                 2.5015,              0.0094456,              0.0094456,              0.0094456
                     16,                0.97433,                 1.6349,                 2.7198,                0.89075,                0.89261,                0.94798,                0.79268,                 0.6594,                0.69993,                 2.5202,               0.009406,               0.009406,               0.009406
                     17,                0.96899,                 1.6134,                 2.7075,                0.88412,                0.88722,                0.95003,                0.80216,                0.64611,                0.69148,                 2.4732,              0.0093664,              0.0093664,              0.0093664
                     18,                0.95559,                 1.5535,                  2.687,                0.89441,                0.87987,                0.95342,                0.80291,                 0.6661,                0.70387,                 2.4437,              0.0093268,              0.0093268,              0.0093268
                     19,                0.95125,                  1.552,                 2.6779,                0.87984,                 0.8725,                0.95827,                0.80694,                0.63412,                0.64564,                 2.4381,              0.0092872,              0.0092872,              0.0092872
                     20,                0.94585,                 1.5218,                 2.6612,                0.87331,                0.90303,                0.95444,                0.81627,                0.62201,                0.64402,                 2.4239,              0.0092476,              0.0092476,              0.0092476
                     21,                0.92817,                 1.4746,                 2.6457,                0.93551,                0.89891,                0.96536,                  0.824,                 0.6078,                0.60709,                 2.3842,               0.009208,               0.009208,               0.009208
                     22,                0.92133,                 1.4634,                 2.6234,                0.93369,                0.90215,                0.96798,                 0.8226,                0.64595,                0.59778,                 2.4335,              0.0091684,              0.0091684,              0.0091684
                     23,                0.91981,                 1.4281,                 2.6127,                0.92668,                0.92356,                0.97197,                0.82781,                0.64137,                0.56096,                 2.3818,              0.0091288,              0.0091288,              0.0091288
                     24,                0.90788,                 1.3906,                 2.6048,                0.90552,                0.93752,                0.97496,                0.83961,                0.61906,                0.55758,                 2.3896,              0.0090892,              0.0090892,              0.0090892
                     25,                0.91743,                 1.4229,                 2.5996,                0.92717,                0.93698,                0.96607,                0.83181,                0.61424,                 0.5428,                 2.3327,              0.0090496,              0.0090496,              0.0090496
                     26,                0.90929,                 1.3927,                 2.5956,                0.86977,                0.94329,                0.96104,                0.82417,                0.60825,                0.59059,                 2.3697,                0.00901,                0.00901,                0.00901
                     27,                0.88688,                 1.3473,                 2.5495,                0.94922,                0.91328,                0.97311,                 0.8398,                0.61034,                0.51477,                 2.3168,              0.0089704,              0.0089704,              0.0089704
                     28,                0.88664,                 1.3429,                 2.5468,                0.90197,                0.93866,                0.97032,                 0.8376,                0.60752,                0.53851,                 2.3093,              0.0089308,              0.0089308,              0.0089308
                     29,                0.87739,                 1.3054,                 2.5298,                0.94544,                0.92636,                0.97245,                0.84424,                0.59701,                0.52691,                 2.3304,              0.0088912,              0.0088912,              0.0088912
                     30,                0.87726,                 1.3097,                 2.5286,                0.95033,                0.92109,                0.97628,                0.84202,                0.60915,                0.50583,                 2.2679,              0.0088516,              0.0088516,              0.0088516
                     31,                0.86643,                 1.2826,                 2.5146,                0.95696,                0.93803,                0.97604,                0.84331,                0.59662,                0.49652,                  2.265,               0.008812,               0.008812,               0.008812
                     32,                 0.8676,                 1.2702,                 2.5125,                0.96697,                0.93499,                0.98184,                0.84451,                0.61184,                0.49419,                 2.2845,              0.0087724,              0.0087724,              0.0087724
                     33,                0.86826,                 1.2797,                 2.5173,                0.96353,                0.93544,                0.97972,                0.84334,                0.61369,                0.47397,                 2.2665,              0.0087328,              0.0087328,              0.0087328
                     34,                0.86148,                 1.2547,                 2.5041,                0.96328,                0.94056,                 0.9796,                0.85326,                0.57875,                0.46515,                 2.2517,              0.0086932,              0.0086932,              0.0086932
                     35,                0.86227,                  1.258,                 2.5082,                0.93969,                0.94381,                0.97682,                0.85039,                0.58441,                0.47916,                 2.2456,              0.0086536,              0.0086536,              0.0086536
                     36,                0.85723,                 1.2389,                 2.4918,                0.94787,                0.93935,                0.97759,                0.84394,                0.58426,                  0.484,                 2.2231,               0.008614,               0.008614,               0.008614
                     37,                0.84872,                 1.2213,                 2.4817,                0.95326,                0.94283,                0.98117,                 0.8475,                0.57335,                0.47094,                 2.2306,              0.0085744,              0.0085744,              0.0085744
                     38,                0.84823,                 1.2013,                 2.4771,                0.95829,                0.94335,                0.98041,                0.84576,                0.57523,                0.46236,                 2.2276,              0.0085348,              0.0085348,              0.0085348
                     39,                0.84151,                 1.1825,                 2.4656,                0.96436,                0.93591,                0.98043,                 0.8502,                0.57719,                0.46372,                 2.2327,              0.0084952,              0.0084952,              0.0084952
                     40,                 0.8454,                 1.2011,                 2.4709,                0.96205,                0.95043,                0.98575,                0.85705,                0.56365,                0.44118,                  2.202,              0.0084556,              0.0084556,              0.0084556
                     41,                0.83933,                 1.1947,                  2.476,                0.94808,                0.95667,                0.98411,                0.86126,                0.56839,                 0.4388,                 2.1922,               0.008416,               0.008416,               0.008416
                     42,                0.83918,                 1.1765,                 2.4638,                0.96902,                0.94101,                0.98149,                0.85598,                0.57449,                0.45223,                 2.2022,              0.0083764,              0.0083764,              0.0083764
                     43,                0.83136,                 1.1659,                 2.4417,                0.96231,                0.95268,                0.98159,                0.85962,                0.56235,                0.45431,                 2.1808,              0.0083368,              0.0083368,              0.0083368
                     44,                0.83005,                 1.1536,                 2.4325,                0.96023,                0.95012,                0.98463,                0.85944,                0.56432,                0.43097,                 2.1958,              0.0082972,              0.0082972,              0.0082972
                     45,                 0.8268,                 1.1446,                 2.4391,                 0.9556,                0.95796,                 0.9831,                 0.8524,                0.57379,                0.42337,                 2.1907,              0.0082576,              0.0082576,              0.0082576
                     46,                0.81498,                 1.1132,                 2.4207,                0.96946,                0.94743,                0.98211,                0.85737,                0.56954,                0.43108,                 2.1797,               0.008218,               0.008218,               0.008218
                     47,                0.82447,                 1.1323,                 2.4381,                0.96861,                0.94412,                0.98338,                0.85778,                0.56662,                0.42266,                 2.1905,              0.0081784,              0.0081784,              0.0081784
                     48,                0.81449,                 1.1057,                 2.4306,                0.95943,                0.96142,                0.98498,                0.86319,                0.56381,                0.42293,                 2.1893,              0.0081388,              0.0081388,              0.0081388
                     49,                0.82198,                 1.1288,                 2.4419,                0.96495,                  0.954,                 0.9866,                0.86207,                0.56932,                0.42178,                 2.1777,              0.0080992,              0.0080992,              0.0080992
                     50,                0.81437,                 1.1071,                 2.4149,                0.96733,                0.94915,                0.98441,                0.86179,                0.56701,                0.43122,                 2.1625,              0.0080596,              0.0080596,              0.0080596
                     51,                0.81585,                 1.1055,                 2.4085,                0.96203,                 0.9559,                 0.9812,                0.85956,                 0.5646,                0.43432,                 2.1534,                0.00802,                0.00802,                0.00802
                     52,                0.80527,                 1.0857,                 2.3915,                0.96478,                0.95012,                0.98239,                0.86011,                0.55785,                0.42717,                 2.1492,              0.0079804,              0.0079804,              0.0079804
                     53,                0.81315,                 1.0722,                 2.4348,                0.97271,                0.95624,                0.98357,                 0.8635,                 0.5556,                0.40527,                 2.1687,              0.0079408,              0.0079408,              0.0079408
                     54,                0.80278,                 1.0839,                 2.3995,                0.96765,                0.94713,                0.98139,                0.86422,                0.55999,                0.41323,                 2.1571,              0.0079012,              0.0079012,              0.0079012
                     55,                0.80213,                 1.0709,                    2.4,                0.96363,                0.94534,                0.98133,                 0.8663,                0.55578,                0.42623,                 2.1317,              0.0078616,              0.0078616,              0.0078616
                     56,                0.81055,                 1.0768,                 2.4153,                0.96808,                0.94318,                0.98601,                0.86523,                0.55581,                0.40921,                 2.1145,               0.007822,               0.007822,               0.007822
                     57,                0.79816,                 1.0614,                 2.3766,                0.97064,                0.94927,                0.98241,                0.86282,                0.55827,                0.40193,                 2.1129,              0.0077824,              0.0077824,              0.0077824
                     58,                0.80408,                 1.0575,                 2.3891,                0.95605,                0.96173,                0.98244,                0.86228,                0.55399,                0.40506,                 2.1258,              0.0077428,              0.0077428,              0.0077428
                     59,                0.79915,                 1.0433,                 2.3852,                0.97459,                 0.9514,                0.98181,                0.85965,                0.56052,                0.39745,                 2.1327,              0.0077032,              0.0077032,              0.0077032
                     60,                0.79452,                 1.0369,                 2.3878,                0.96849,                0.95439,                0.98129,                0.85755,                0.55955,                0.41548,                 2.1298,              0.0076636,              0.0076636,              0.0076636
                     61,                0.79115,                 1.0291,                 2.3803,                0.96571,                0.94966,                0.98079,                0.85629,                 0.5636,                0.41862,                 2.1205,               0.007624,               0.007624,               0.007624
                     62,                0.80164,                 1.0589,                 2.3936,                0.97533,                0.95177,                0.98189,                0.86082,                0.56511,                0.39992,                 2.1291,              0.0075844,              0.0075844,              0.0075844
                     63,                0.79178,                 1.0357,                 2.3629,                0.97317,                0.95525,                0.98358,                0.86286,                0.55698,                0.39893,                 2.1068,              0.0075448,              0.0075448,              0.0075448
                     64,                 0.7868,                 1.0342,                 2.3706,                0.97299,                0.95907,                0.98346,                0.85938,                0.56226,                0.39174,                 2.1154,              0.0075052,              0.0075052,              0.0075052
                     65,                0.78713,                 1.0215,                 2.3784,                0.97164,                 0.9524,                0.98525,                 0.8632,                 0.5533,                0.38896,                 2.1128,              0.0074656,              0.0074656,              0.0074656
                     66,                0.78393,                 1.0094,                  2.365,                 0.9714,                0.96024,                0.98223,                0.86019,                0.55501,                0.40401,                 2.1066,               0.007426,               0.007426,               0.007426
                     67,                0.78137,                 1.0061,                 2.3567,                0.97141,                0.95385,                0.97991,                0.85951,                0.55476,                0.40556,                 2.1104,              0.0073864,              0.0073864,              0.0073864
                     68,                0.78186,                0.99962,                 2.3498,                0.97428,                0.95167,                0.98067,                0.85859,                0.56003,                0.40509,                  2.106,              0.0073468,              0.0073468,              0.0073468
                     69,                0.78197,                 1.0052,                 2.3492,                0.97128,                 0.9468,                0.97986,                0.85996,                0.55648,                0.40458,                 2.1086,              0.0073072,              0.0073072,              0.0073072
                     70,                0.78144,                 1.0065,                 2.3613,                0.96849,                0.95389,                0.98223,                0.86458,                0.55365,                0.39699,                 2.1028,              0.0072676,              0.0072676,              0.0072676
                     71,                0.78269,                0.99163,                  2.361,                0.96166,                0.95223,                0.98287,                0.86507,                0.54741,                0.39155,                 2.0936,               0.007228,               0.007228,               0.007228
                     72,                0.78186,                0.99492,                  2.351,                0.96729,                0.95677,                0.98338,                0.86699,                 0.5484,                0.37887,                 2.0881,              0.0071884,              0.0071884,              0.0071884
                     73,                0.77487,                0.98389,                 2.3446,                0.97209,                0.94817,                0.98267,                0.86423,                0.54621,                0.38998,                  2.085,              0.0071488,              0.0071488,              0.0071488
                     74,                0.77305,                0.98363,                 2.3362,                0.96815,                 0.9535,                0.98091,                0.86518,                0.54446,                0.38687,                 2.0849,              0.0071092,              0.0071092,              0.0071092
                     75,                0.77747,                0.97257,                 2.3525,                 0.9669,                0.95478,                0.98433,                0.86651,                 0.5509,                0.38295,                 2.0936,              0.0070696,              0.0070696,              0.0070696
                     76,                0.76924,                0.97513,                 2.3364,                0.96759,                0.95577,                0.97892,                0.85814,                0.54861,                 0.3917,                  2.095,                0.00703,                0.00703,                0.00703
                     77,                0.76615,                0.96706,                 2.3374,                0.96783,                0.95621,                0.97858,                0.85838,                0.54733,                0.38468,                 2.0956,              0.0069904,              0.0069904,              0.0069904
                     78,                0.77387,                0.97043,                 2.3571,                0.96635,                 0.9533,                0.98116,                0.85868,                0.54836,                0.38844,                 2.0985,              0.0069508,              0.0069508,              0.0069508
                     79,                0.77004,                 0.9556,                 2.3448,                0.95836,                0.96133,                0.97945,                0.86093,                0.54733,                0.38427,                 2.0979,              0.0069112,              0.0069112,              0.0069112
                     80,                 0.7653,                0.96252,                 2.3251,                0.96145,                0.96075,                0.98131,                0.86309,                0.54549,                 0.3744,                 2.0954,              0.0068716,              0.0068716,              0.0068716
                     81,                0.76423,                0.94845,                 2.3221,                0.96912,                0.95759,                 0.9826,                0.86525,                0.54628,                0.36887,                 2.0892,               0.006832,               0.006832,               0.006832
                     82,                0.76353,                0.94558,                 2.3284,                0.96498,                0.96363,                0.98278,                0.86727,                0.54615,                 0.3689,                 2.0812,              0.0067924,              0.0067924,              0.0067924
                     83,                0.75677,                0.94552,                 2.3232,                0.96876,                0.96081,                0.98051,                0.86486,                 0.5424,                0.37602,                 2.0839,              0.0067528,              0.0067528,              0.0067528
                     84,                0.76022,                0.93962,                  2.324,                0.96723,                0.96179,                0.97856,                0.86554,                0.54337,                0.37797,                  2.085,              0.0067132,              0.0067132,              0.0067132
                     85,                 0.7606,                0.94152,                  2.327,                0.96923,                0.96094,                0.97985,                0.86306,                 0.5457,                0.37414,                 2.0861,              0.0066736,              0.0066736,              0.0066736
                     86,                 0.7637,                0.95036,                 2.3392,                0.96329,                0.96852,                0.97915,                0.86226,                0.54514,                0.37295,                 2.0873,               0.006634,               0.006634,               0.006634
                     87,                0.75117,                0.92162,                 2.3282,                0.96685,                0.96396,                 0.9797,                0.86284,                0.54481,                0.37405,                 2.0918,              0.0065944,              0.0065944,              0.0065944
                     88,                 0.7489,                0.92607,                  2.315,                0.96803,                0.96352,                0.98087,                0.86426,                0.54567,                0.37291,                 2.0918,              0.0065548,              0.0065548,              0.0065548
                     89,                0.74543,                0.90731,                 2.3002,                0.96824,                0.96173,                0.98089,                0.86414,                0.54355,                0.36874,                 2.0882,              0.0065152,              0.0065152,              0.0065152
                     90,                0.74678,                0.91705,                  2.298,                0.96242,                0.96447,                0.98153,                0.86158,                0.54261,                0.37632,                 2.0787,              0.0064756,              0.0064756,              0.0064756
                     91,                0.75769,                0.92866,                 2.3161,                0.95904,                0.96666,                0.98307,                0.86586,                0.54551,                0.37603,                 2.0794,               0.006436,               0.006436,               0.006436
                     92,                0.74975,                0.91438,                 2.3099,                0.96036,                0.96718,                0.98105,                0.86321,                0.54797,                0.37904,                 2.0795,              0.0063964,              0.0063964,              0.0063964
                     93,                0.74665,                0.90192,                 2.3053,                0.96464,                0.96417,                0.98083,                0.86662,                0.54872,                0.37395,                 2.0815,              0.0063568,              0.0063568,              0.0063568
                     94,                 0.7429,                0.90597,                 2.2959,                0.96977,                0.96412,                0.98296,                0.86727,                0.54811,                0.36843,                 2.0802,              0.0063172,              0.0063172,              0.0063172
                     95,                0.74464,                0.89523,                 2.3026,                 0.9671,                0.96875,                0.98204,                0.86826,                0.54741,                0.36521,                  2.076,              0.0062776,              0.0062776,              0.0062776
                     96,                0.74573,                0.90139,                 2.3131,                0.96811,                0.96771,                0.98087,                0.86784,                0.54737,                0.36656,                 2.0789,               0.006238,               0.006238,               0.006238
                     97,                0.74623,                0.89218,                 2.2965,                0.96697,                 0.9708,                0.98051,                0.86709,                 0.5476,                0.36418,                 2.0797,              0.0061984,              0.0061984,              0.0061984
                     98,                0.73833,                0.87696,                 2.2835,                0.96722,                 0.9654,                 0.9803,                0.86852,                 0.5478,                0.36557,                 2.0781,              0.0061588,              0.0061588,              0.0061588
                     99,                 0.7458,                 0.8842,                 2.3101,                0.97153,                0.95855,                  0.981,                 0.8674,                0.54814,                0.36606,                 2.0772,              0.0061192,              0.0061192,              0.0061192
                    100,                0.74405,                0.89563,                 2.3027,                0.97189,                 0.9597,                0.98094,                 0.8675,                0.54908,                0.36702,                 2.0787,              0.0060796,              0.0060796,              0.0060796
                    101,                0.74279,                0.89103,                 2.2817,                0.97438,                0.95752,                0.98096,                0.86852,                0.54908,                0.36495,                  2.076,                0.00604,                0.00604,                0.00604
                    102,                   0.74,                0.88151,                 2.2843,                0.96255,                0.97029,                0.98105,                 0.8684,                0.54937,                0.36587,                 2.0736,              0.0060004,              0.0060004,              0.0060004
                    103,                0.74022,                0.88536,                 2.2985,                0.96302,                0.96957,                0.98163,                0.87014,                0.54962,                0.36287,                 2.0735,              0.0059608,              0.0059608,              0.0059608
                    104,                 0.7407,                0.88895,                 2.2966,                0.96283,                0.97069,                0.98162,                0.87212,                0.55001,                0.36233,                 2.0723,              0.0059212,              0.0059212,              0.0059212
                    105,                0.73645,                0.87843,                 2.2927,                0.97013,                0.96659,                0.98167,                0.86965,                0.55119,                0.36242,                 2.0741,              0.0058816,              0.0058816,              0.0058816
                    106,                0.73664,                0.87636,                 2.2937,                0.97138,                0.96676,                 0.9825,                0.86949,                0.55082,                0.36198,                 2.0746,               0.005842,               0.005842,               0.005842
                    107,                0.72773,                0.86827,                 2.2798,                0.96849,                0.96528,                0.98311,                0.86966,                0.55027,                0.35981,                 2.0742,              0.0058024,              0.0058024,              0.0058024
                    108,                0.73459,                0.86837,                 2.2818,                0.96708,                0.96736,                0.98417,                0.86968,                0.54986,                0.35887,                 2.0746,              0.0057628,              0.0057628,              0.0057628
                    109,                0.72686,                0.85778,                 2.2782,                0.97004,                0.96769,                0.98486,                0.87132,                0.55016,                0.35943,                 2.0745,              0.0057232,              0.0057232,              0.0057232
                    110,                0.72943,                 0.8572,                 2.2703,                0.96968,                 0.9683,                0.98466,                0.87021,                0.55012,                  0.359,                 2.0741,              0.0056836,              0.0056836,              0.0056836
                    111,                0.73151,                0.85933,                 2.2762,                0.96952,                0.96934,                0.98515,                0.87068,                0.54943,                0.35951,                 2.0736,               0.005644,               0.005644,               0.005644
                    112,                0.72643,                 0.8534,                 2.2772,                0.97091,                0.96763,                0.98499,                0.87173,                0.54831,                0.35959,                 2.0725,              0.0056044,              0.0056044,              0.0056044
                    113,                0.72859,                0.84847,                 2.2662,                0.96876,                0.97066,                0.98447,                0.87192,                0.54749,                0.36004,                 2.0712,              0.0055648,              0.0055648,              0.0055648
                    114,                0.73363,                0.85021,                 2.2728,                0.96912,                0.97091,                0.98417,                0.87163,                0.54748,                0.36026,                 2.0701,              0.0055252,              0.0055252,              0.0055252
                    115,                0.72929,                0.85488,                 2.2686,                0.96924,                0.97063,                 0.9834,                 0.8706,                0.54743,                0.35973,                 2.0686,              0.0054856,              0.0054856,              0.0054856
                    116,                0.72482,                 0.8448,                 2.2624,                0.96893,                0.97083,                0.98246,                0.86988,                0.54768,                0.35812,                 2.0686,               0.005446,               0.005446,               0.005446
                    117,                0.72943,                0.85148,                   2.27,                0.96932,                 0.9705,                0.98229,                  0.871,                  0.549,                0.35833,                 2.0697,              0.0054064,              0.0054064,              0.0054064
                    118,                0.72116,                0.84016,                 2.2706,                0.97002,                0.97018,                 0.9825,                0.87102,                0.54794,                0.35609,                 2.0677,              0.0053668,              0.0053668,              0.0053668
                    119,                0.72017,                0.83441,                 2.2466,                0.97117,                0.96967,                0.98202,                 0.8712,                0.54923,                0.35775,                 2.0682,              0.0053272,              0.0053272,              0.0053272
                    120,                0.72594,                0.83957,                 2.2626,                0.97187,                0.96915,                0.98237,                0.87065,                0.54913,                0.35713,                 2.0669,              0.0052876,              0.0052876,              0.0052876
                    121,                0.72422,                 0.8318,                 2.2795,                0.97209,                0.96929,                0.98301,                 0.8721,                0.54917,                0.35611,                 2.0662,               0.005248,               0.005248,               0.005248
                    122,                 0.7241,                0.83508,                 2.2769,                0.97231,                0.96925,                 0.9826,                0.87195,                0.54954,                0.35658,                 2.0661,              0.0052084,              0.0052084,              0.0052084
                    123,                0.72199,                0.83753,                 2.2509,                0.97247,                0.96941,                0.98245,                0.87272,                0.55034,                0.35643,                 2.0659,              0.0051688,              0.0051688,              0.0051688
                    124,                0.71872,                0.82604,                 2.2559,                 0.9723,                0.96974,                0.98243,                 0.8724,                0.55096,                0.35617,                 2.0656,              0.0051292,              0.0051292,              0.0051292
                    125,                 0.7222,                0.83474,                 2.2621,                0.97462,                 0.9675,                0.98246,                0.87309,                0.55093,                0.35618,                 2.0649,              0.0050896,              0.0050896,              0.0050896
                    126,                0.71935,                0.83139,                 2.2478,                0.97487,                0.96723,                0.98217,                0.87379,                0.55106,                0.35583,                 2.0642,                0.00505,                0.00505,                0.00505
                    127,                 0.7121,                 0.8114,                 2.2487,                 0.9749,                0.96768,                0.98192,                0.87315,                0.55129,                0.35562,                 2.0644,              0.0050104,              0.0050104,              0.0050104
                    128,                0.71168,                0.80236,                 2.2508,                0.97493,                0.96733,                0.98184,                0.87258,                0.55152,                0.35506,                 2.0646,              0.0049708,              0.0049708,              0.0049708
                    129,                0.71321,                0.81349,                 2.2458,                0.97489,                 0.9678,                0.98183,                0.87158,                0.55183,                0.35485,                 2.0646,              0.0049312,              0.0049312,              0.0049312
                    130,                0.71178,                0.81086,                 2.2376,                0.97541,                0.96891,                0.98172,                0.87189,                0.55186,                0.35442,                 2.0644,              0.0048916,              0.0048916,              0.0048916
                    131,                 0.7119,                0.80846,                 2.2528,                0.97571,                0.96878,                0.98209,                 0.8723,                0.55154,                0.35427,                 2.0642,               0.004852,               0.004852,               0.004852
                    132,                0.71565,                0.82134,                 2.2623,                0.97563,                0.96837,                0.98212,                0.87233,                0.55141,                0.35405,                  2.064,              0.0048124,              0.0048124,              0.0048124
                    133,                0.71524,                0.80416,                 2.2606,                0.97613,                0.96798,                0.98217,                0.87312,                0.55132,                0.35397,                 2.0636,              0.0047728,              0.0047728,              0.0047728
                    134,                0.70951,                0.80031,                  2.257,                0.97558,                0.96774,                0.98217,                0.87343,                0.55137,                0.35337,                 2.0637,              0.0047332,              0.0047332,              0.0047332
                    135,                0.70865,                0.79791,                 2.2568,                0.97587,                0.96741,                0.98224,                0.87182,                0.55106,                0.35281,                 2.0635,              0.0046936,              0.0046936,              0.0046936
                    136,                 0.7055,                 0.7964,                 2.2428,                0.97593,                0.96716,                0.98227,                0.87189,                0.55102,                0.35238,                  2.063,               0.004654,               0.004654,               0.004654
                    137,                0.71077,                0.80112,                 2.2375,                0.97633,                 0.9652,                0.98211,                0.87091,                0.55093,                0.35201,                 2.0627,              0.0046144,              0.0046144,              0.0046144
                    138,                 0.7053,                0.78254,                 2.2375,                0.97699,                0.96498,                0.98206,                0.87115,                0.55093,                0.35201,                 2.0626,              0.0045748,              0.0045748,              0.0045748
                    139,                0.71762,                0.80935,                 2.2617,                0.97736,                0.96469,                0.98204,                 0.8706,                0.55114,                0.35154,                 2.0626,              0.0045352,              0.0045352,              0.0045352
                    140,                0.70319,                0.77961,                 2.2414,                0.97754,                 0.9643,                0.98257,                0.87172,                0.55101,                 0.3514,                 2.0616,              0.0044956,              0.0044956,              0.0044956
                    141,                0.70631,                0.78401,                 2.2392,                0.97805,                0.96404,                0.98249,                0.87239,                0.55071,                0.35145,                 2.0611,               0.004456,               0.004456,               0.004456
                    142,                0.70503,                0.78225,                  2.242,                0.97841,                0.96387,                0.98249,                0.87205,                0.55074,                0.35104,                 2.0606,              0.0044164,              0.0044164,              0.0044164
                    143,                0.70246,                 0.7776,                 2.2442,                0.97867,                0.96379,                 0.9825,                 0.8718,                0.55078,                 0.3506,                  2.061,              0.0043768,              0.0043768,              0.0043768
                    144,                0.70166,                0.77647,                 2.2321,                0.97896,                0.96376,                0.98245,                0.87193,                0.55084,                0.35004,                 2.0608,              0.0043372,              0.0043372,              0.0043372
                    145,                0.70088,                 0.7777,                 2.2233,                0.97917,                0.96371,                0.98249,                0.87157,                0.55062,                0.34966,                 2.0598,              0.0042976,              0.0042976,              0.0042976
                    146,                0.70424,                 0.7738,                 2.2207,                0.97945,                0.96368,                0.98256,                0.87137,                0.55057,                0.34929,                 2.0594,               0.004258,               0.004258,               0.004258
                    147,                0.69956,                0.77037,                 2.2417,                0.97958,                0.96366,                0.98264,                0.87171,                0.55049,                0.34931,                  2.059,              0.0042184,              0.0042184,              0.0042184
                    148,                0.70589,                0.77826,                 2.2324,                0.97962,                0.96373,                0.98266,                0.87163,                0.55065,                0.34918,                 2.0591,              0.0041788,              0.0041788,              0.0041788
                    149,                0.69555,                0.76684,                 2.2387,                0.97975,                0.96376,                0.98267,                0.87154,                0.55055,                0.34901,                 2.0593,              0.0041392,              0.0041392,              0.0041392
                    150,                0.69342,                0.75853,                 2.2324,                0.97997,                0.96379,                0.98218,                0.87118,                0.55046,                0.34892,                  2.059,              0.0040996,              0.0040996,              0.0040996
                    151,                0.69442,                 0.7659,                 2.2294,                0.98017,                0.96379,                0.98217,                0.87085,                0.55047,                0.34863,                 2.0591,                0.00406,                0.00406,                0.00406
                    152,                0.70105,                0.77029,                 2.2403,                0.98016,                0.96382,                0.98196,                 0.8706,                0.55056,                0.34838,                 2.0592,              0.0040204,              0.0040204,              0.0040204
                    153,                0.68956,                0.75716,                 2.2279,                0.98019,                0.96378,                  0.982,                0.87067,                0.55055,                0.34829,                  2.059,              0.0039808,              0.0039808,              0.0039808
                    154,                0.69234,                0.75603,                 2.2184,                0.98034,                0.96376,                  0.982,                0.87046,                0.55081,                 0.3481,                 2.0592,              0.0039412,              0.0039412,              0.0039412
                    155,                 0.6952,                0.76162,                 2.2128,                0.98041,                0.96373,                0.98212,                0.87133,                0.55105,                0.34816,                 2.0593,              0.0039016,              0.0039016,              0.0039016
                    156,                0.69169,                 0.7545,                 2.2161,                0.98039,                0.96366,                0.98211,                0.87115,                0.55108,                0.34825,                 2.0592,               0.003862,               0.003862,               0.003862
                    157,                0.69203,                0.76124,                 2.2122,                0.98039,                0.96368,                 0.9821,                0.87126,                0.55116,                0.34786,                 2.0592,              0.0038224,              0.0038224,              0.0038224
                    158,                0.68009,                0.74162,                   2.21,                0.98057,                0.96369,                0.98211,                0.87116,                0.55116,                0.34766,                 2.0589,              0.0037828,              0.0037828,              0.0037828
                    159,                0.68754,                 0.7554,                 2.2182,                0.98055,                0.96374,                0.98216,                0.87105,                0.55111,                 0.3474,                 2.0587,              0.0037432,              0.0037432,              0.0037432
                    160,                0.68773,                0.74004,                 2.2222,                0.98053,                0.96379,                0.98211,                0.87091,                0.55115,                0.34707,                 2.0585,              0.0037036,              0.0037036,              0.0037036
                    161,                0.68316,                0.74278,                 2.2038,                0.98059,                0.96377,                0.98225,                0.87147,                0.55125,                0.34692,                 2.0582,               0.003664,               0.003664,               0.003664
                    162,                0.68961,                0.74435,                 2.2195,                0.98064,                 0.9638,                0.98187,                0.87094,                0.55131,                0.34708,                 2.0582,              0.0036244,              0.0036244,              0.0036244
                    163,                0.67965,                0.72976,                 2.2091,                0.98067,                0.96381,                0.98205,                0.87079,                0.55137,                0.34689,                  2.058,              0.0035848,              0.0035848,              0.0035848
                    164,                0.67941,                0.73306,                 2.2129,                0.98069,                0.96369,                0.98215,                0.87069,                 0.5513,                 0.3468,                 2.0579,              0.0035452,              0.0035452,              0.0035452
                    165,                0.68075,                0.73972,                 2.2004,                0.98076,                 0.9636,                0.98196,                 0.8701,                0.55142,                0.34671,                 2.0578,              0.0035056,              0.0035056,              0.0035056
                    166,                 0.6802,                0.72888,                 2.2141,                0.98091,                0.96354,                0.98217,                0.87082,                0.55144,                0.34686,                 2.0578,               0.003466,               0.003466,               0.003466
                    167,                0.67477,                0.72595,                 2.1972,                0.98092,                 0.9636,                0.98217,                0.87066,                0.55144,                0.34687,                 2.0579,              0.0034264,              0.0034264,              0.0034264
                    168,                0.67613,                0.72051,                 2.2154,                0.98113,                0.96357,                0.98198,                0.87049,                 0.5514,                0.34678,                  2.058,              0.0033868,              0.0033868,              0.0033868
                    169,                0.67471,                0.72514,                 2.2106,                 0.9813,                0.96358,                0.98193,                0.87012,                0.55146,                0.34666,                 2.0581,              0.0033472,              0.0033472,              0.0033472
                    170,                0.67343,                0.71866,                 2.2011,                0.98137,                0.96349,                0.98193,                0.86974,                0.55158,                0.34679,                 2.0582,              0.0033076,              0.0033076,              0.0033076
                    171,                 0.6778,                0.72783,                 2.2221,                0.98119,                0.96347,                0.98194,                0.87021,                0.55159,                0.34694,                 2.0583,               0.003268,               0.003268,               0.003268
                    172,                0.67541,                0.72091,                 2.1924,                0.98114,                 0.9634,                0.98178,                0.86988,                0.55156,                0.34711,                 2.0581,              0.0032284,              0.0032284,              0.0032284
                    173,                0.67419,                0.72017,                 2.2001,                0.98108,                0.96343,                0.98179,                0.87044,                0.55162,                0.34685,                 2.0578,              0.0031888,              0.0031888,              0.0031888
                    174,                0.67188,                0.71758,                 2.2051,                0.98094,                0.96347,                0.98179,                0.87032,                0.55162,                0.34685,                 2.0575,              0.0031492,              0.0031492,              0.0031492
                    175,                0.66831,                0.71114,                 2.1923,                0.98077,                0.96338,                0.98147,                0.87062,                0.55161,                0.34693,                 2.0572,              0.0031096,              0.0031096,              0.0031096
                    176,                 0.6761,                0.71868,                 2.2142,                0.98071,                0.96327,                0.98146,                0.87033,                0.55176,                0.34697,                 2.0572,                0.00307,                0.00307,                0.00307
                    177,                0.66925,                0.71432,                  2.195,                0.97887,                0.96186,                0.98143,                0.87064,                 0.5518,                0.34718,                 2.0571,              0.0030304,              0.0030304,              0.0030304
                    178,                0.66822,                0.70126,                 2.1952,                0.97874,                0.96187,                0.98148,                0.87086,                0.55191,                0.34698,                 2.0571,              0.0029908,              0.0029908,              0.0029908
                    179,                0.66783,                0.70528,                 2.1996,                 0.9787,                0.96185,                0.98148,                0.87094,                0.55196,                0.34696,                 2.0569,              0.0029512,              0.0029512,              0.0029512
                    180,                0.66788,                0.71117,                 2.1888,                0.97849,                 0.9619,                0.98139,                0.87089,                0.55203,                0.34696,                 2.0567,              0.0029116,              0.0029116,              0.0029116
                    181,                0.67137,                0.70996,                 2.2105,                0.97836,                0.96191,                0.98132,                0.87124,                  0.552,                0.34712,                 2.0568,               0.002872,               0.002872,               0.002872
                    182,                0.66648,                0.70024,                 2.1897,                0.97829,                0.96189,                0.98132,                0.87132,                0.55202,                 0.3472,                 2.0567,              0.0028324,              0.0028324,              0.0028324
                    183,                0.66698,                 0.7043,                 2.1961,                0.97819,                0.96184,                0.98136,                0.87135,                0.55199,                0.34737,                 2.0565,              0.0027928,              0.0027928,              0.0027928
                    184,                0.66975,                0.70741,                 2.1962,                0.97806,                0.96189,                0.98142,                0.87142,                0.55218,                0.34723,                 2.0563,              0.0027532,              0.0027532,              0.0027532
                    185,                0.66317,                0.69267,                 2.1978,                0.97805,                0.96186,                0.98141,                0.87165,                0.55226,                0.34722,                 2.0561,              0.0027136,              0.0027136,              0.0027136
                    186,                0.65922,                0.68919,                 2.1919,                0.97802,                0.96181,                 0.9814,                0.87167,                 0.5522,                0.34744,                 2.0559,               0.002674,               0.002674,               0.002674
                    187,                0.65757,                0.68852,                 2.1857,                0.97801,                0.96175,                0.98134,                0.87156,                0.55223,                0.34748,                  2.056,              0.0026344,              0.0026344,              0.0026344
                    188,                0.66426,                0.70236,                  2.195,                0.97799,                0.96172,                0.98134,                0.87116,                0.55228,                0.34745,                  2.056,              0.0025948,              0.0025948,              0.0025948
                    189,                0.66497,                0.69252,                 2.1974,                0.97801,                0.96167,                0.98134,                0.87108,                0.55226,                0.34753,                  2.056,              0.0025552,              0.0025552,              0.0025552
                    190,                0.65315,                0.68112,                  2.177,                0.97806,                0.96168,                 0.9813,                0.87115,                0.55214,                0.34756,                  2.056,              0.0025156,              0.0025156,              0.0025156
                    191,                 0.6534,                0.67835,                 2.1801,                0.97808,                0.96168,                0.98137,                0.87109,                0.55212,                0.34782,                 2.0559,               0.002476,               0.002476,               0.002476
                    192,                0.65817,                0.68331,                 2.1872,                0.97807,                0.96168,                 0.9813,                0.87121,                0.55206,                0.34782,                 2.0558,              0.0024364,              0.0024364,              0.0024364
                    193,                0.65505,                 0.6871,                 2.1925,                0.97808,                0.96165,                0.98128,                0.87121,                0.55197,                 0.3479,                 2.0556,              0.0023968,              0.0023968,              0.0023968
                    194,                0.65859,                0.68453,                 2.1978,                0.97808,                0.96158,                0.98125,                0.87088,                0.55191,                0.34795,                 2.0554,              0.0023572,              0.0023572,              0.0023572
                    195,                0.65537,                0.68275,                 2.1759,                0.97808,                0.96149,                0.98124,                0.87076,                0.55197,                0.34807,                 2.0554,              0.0023176,              0.0023176,              0.0023176
                    196,                0.64661,                0.66771,                 2.1683,                0.97807,                0.96146,                0.98125,                0.87009,                0.55203,                 0.3482,                 2.0553,               0.002278,               0.002278,               0.002278
                    197,                0.65012,                0.67333,                 2.1813,                0.97795,                0.96154,                0.98121,                0.87047,                0.55206,                0.34812,                 2.0553,              0.0022384,              0.0022384,              0.0022384
                    198,                0.65396,                0.68025,                 2.1755,                0.97795,                0.96152,                0.98121,                0.87074,                0.55214,                0.34804,                 2.0555,              0.0021988,              0.0021988,              0.0021988
                    199,                0.64789,                0.67086,                 2.1659,                0.97794,                0.96149,                0.98125,                0.87083,                0.55225,                0.34798,                 2.0556,              0.0021592,              0.0021592,              0.0021592
                    200,                0.64646,                0.66594,                 2.1629,                0.97792,                0.96138,                0.98126,                0.87076,                0.55227,                0.34809,                 2.0554,              0.0021196,              0.0021196,              0.0021196
                    201,                0.64967,                0.66979,                 2.1833,                0.97783,                0.96141,                0.98113,                 0.8708,                0.55229,                0.34813,                 2.0555,                0.00208,                0.00208,                0.00208
                    202,                0.64452,                0.66619,                 2.1718,                0.97798,                0.96124,                0.98106,                0.87078,                0.55236,                0.34818,                 2.0556,              0.0020404,              0.0020404,              0.0020404
                    203,                0.64776,                0.66053,                 2.1835,                0.97786,                0.96122,                0.98111,                0.87072,                0.55237,                0.34825,                 2.0556,              0.0020008,              0.0020008,              0.0020008
                    204,                0.64413,                0.66646,                 2.1812,                0.97789,                0.96113,                0.98106,                0.87073,                0.55242,                0.34825,                 2.0557,              0.0019612,              0.0019612,              0.0019612
                    205,                0.64446,                0.65881,                 2.1735,                0.97789,                0.96108,                0.98106,                0.87049,                0.55244,                0.34808,                 2.0557,              0.0019216,              0.0019216,              0.0019216
                    206,                0.64042,                0.65011,                 2.1543,                0.97791,                0.96104,                0.98097,                0.87019,                0.55245,                0.34803,                 2.0556,               0.001882,               0.001882,               0.001882
                    207,                 0.6378,                0.65279,                 2.1517,                0.97792,                0.96103,                0.98126,                0.87055,                0.55262,                0.34788,                 2.0557,              0.0018424,              0.0018424,              0.0018424
                    208,                0.64125,                0.66147,                 2.1667,                0.97793,                0.96099,                 0.9812,                0.87039,                0.55266,                0.34798,                  2.056,              0.0018028,              0.0018028,              0.0018028
                    209,                0.63885,                 0.6478,                 2.1568,                 0.9778,                  0.961,                 0.9812,                 0.8704,                0.55263,                0.34809,                  2.056,              0.0017632,              0.0017632,              0.0017632
                    210,                0.63569,                0.64949,                 2.1704,                0.97777,                0.96099,                 0.9811,                0.87009,                 0.5526,                0.34807,                 2.0559,              0.0017236,              0.0017236,              0.0017236
                    211,                0.63825,                0.65345,                  2.177,                0.97776,                0.96096,                0.98126,                0.86981,                0.55257,                0.34813,                 2.0561,               0.001684,               0.001684,               0.001684
                    212,                0.63495,                0.64236,                 2.1726,                0.97778,                0.96092,                 0.9811,                0.86958,                0.55256,                0.34808,                  2.056,              0.0016444,              0.0016444,              0.0016444
                    213,                0.63011,                0.64622,                 2.1646,                0.97791,                0.96082,                0.98111,                0.86962,                0.55276,                0.34769,                 2.0561,              0.0016048,              0.0016048,              0.0016048
                    214,                0.62865,                0.64002,                 2.1609,                0.97803,                0.96076,                0.98112,                0.86975,                0.55273,                0.34762,                 2.0558,              0.0015652,              0.0015652,              0.0015652
                    215,                0.63157,                0.63393,                 2.1525,                0.97806,                0.96074,                0.98112,                0.86973,                0.55279,                0.34746,                 2.0559,              0.0015256,              0.0015256,              0.0015256
                    216,                0.62524,                0.62438,                 2.1598,                0.97809,                0.96075,                0.98111,                0.86966,                0.55275,                0.34726,                 2.0559,               0.001486,               0.001486,               0.001486
                    217,                0.63456,                 0.6392,                  2.175,                0.97812,                0.96075,                0.98105,                0.86953,                0.55277,                0.34693,                 2.0558,              0.0014464,              0.0014464,              0.0014464
                    218,                0.62789,                0.62473,                 2.1542,                0.97813,                0.96076,                0.98104,                0.86951,                0.55285,                0.34682,                 2.0557,              0.0014068,              0.0014068,              0.0014068
                    219,                0.62975,                0.63453,                 2.1492,                0.97813,                0.96078,                  0.981,                0.86941,                0.55284,                0.34695,                 2.0558,              0.0013672,              0.0013672,              0.0013672
                    220,                0.62555,                0.62219,                 2.1516,                0.97813,                0.96079,                  0.981,                0.86934,                0.55274,                0.34706,                 2.0559,              0.0013276,              0.0013276,              0.0013276
                    221,                0.62377,                0.61963,                 2.1467,                0.97826,                0.96072,                0.98099,                0.86946,                0.55249,                0.34726,                 2.0559,               0.001288,               0.001288,               0.001288
                    222,                0.62703,                 0.6204,                 2.1526,                0.97828,                0.96073,                 0.9809,                0.86943,                0.55249,                 0.3472,                 2.0559,              0.0012484,              0.0012484,              0.0012484
                    223,                0.62601,                0.62676,                 2.1451,                0.97829,                 0.9607,                0.98088,                0.86984,                 0.5525,                0.34728,                 2.0559,              0.0012088,              0.0012088,              0.0012088
                    224,                0.62575,                0.62726,                  2.148,                0.97823,                0.96073,                0.98076,                0.86984,                0.55246,                0.34738,                 2.0557,              0.0011692,              0.0011692,              0.0011692
                    225,                0.62402,                0.62704,                 2.1412,                0.97751,                 0.9611,                0.98065,                0.87035,                0.55253,                0.34735,                 2.0558,              0.0011296,              0.0011296,              0.0011296
                    226,                0.62005,                0.62308,                 2.1402,                0.97751,                0.96106,                0.98064,                 0.8702,                0.55262,                0.34706,                  2.056,                0.00109,                0.00109,                0.00109
